Equipment Title,Image Path
smc PENTAX Q 01 Standard Prime 8.5mm F1.9 AL [IF],img/smc PENTAX Q 01 Standard Prime 8.5mm F1.9 AL [IF].png
PENTAX Q 04 Toy Lens Wide 6.3mm F7.1,img/PENTAX Q 04 Toy Lens Wide 6.3mm F7.1.png
smc PENTAX Q 02 Standard Zoom 5-15mm F2.8-4.5 ED AL [IF],img/smc PENTAX Q 02 Standard Zoom 5-15mm F2.8-4.5 ED AL [IF].png
Hasselblad XCD 35-75mm f/3.5-4.5,img/Hasselblad XCD 35-75mm f-3.5-4.5.png
Hasselblad XCD 45mm f/3.5,img/Hasselblad XCD 45mm f-3.5.png
Hasselblad XCD 30mm f/3.5,img/Hasselblad XCD 30mm f-3.5.png
Canon RF 600mm F11 IS STM,img/Canon RF 600mm F11 IS STM.png
Hasselblad 907X camera body,img/Hasselblad 907X camera body.png
Hasselblad X1D (X1D-50c) camera body,img/Hasselblad X1D (X1D-50c) camera body.png
Olympus IS-5000 35mm Bridge Camera,img/Olympus IS-5000 35mm Bridge Camera.png
Canon PowerShot G10,img/Canon PowerShot G10.png
Canon PowerShot G10,img/Canon PowerShot G10 (2).png
"Sony Cyber-shot digital camera (YIC variant, exact DSC-model unknown)","img/Sony Cyber-shot digital camera (YIC variant, exact DSC-model unknown).png"
Canon TELE CONVERTER TC-DC58C 2.0x,img/Canon TELE CONVERTER TC-DC58C 2.0x.png
Brons Wide Conversion Lens 0.42x for Sony TR,img/Brons Wide Conversion Lens 0.42x for Sony TR.png
Auxiliary telephoto lens for Nikon L35AF (brand/model not specified),img/Auxiliary telephoto lens for Nikon L35AF (brand-model not specified).png
Auxiliary wide-angle lens for Nikon L35AF (brand/model not specified),img/Auxiliary wide-angle lens for Nikon L35AF (brand-model not specified).png
"Leica Anglefinder M (Anglefinder M, 12531)","img/Leica Anglefinder M (Anglefinder M, 12531).png"
Leica Summicron-M 90mm f/2 E55,img/Leica Summicron-M 90mm f-2 E55.png
Leica Summilux-M 50mm f/1.4 ASPH. E46,img/Leica Summilux-M 50mm f-1.4 ASPH. E46.png
Leica Macro-Elmar-M 90mm f/4 E39,img/Leica Macro-Elmar-M 90mm f-4 E39.png
Leica Elmarit-M 21mm f/2.8 ASPH. E55,img/Leica Elmarit-M 21mm f-2.8 ASPH. E55.png
Leica Universal Polarising Filter M,img/Leica Universal Polarising Filter M.png
Leica E39 Adapter for Universal Polarising Filter M,img/Leica E39 Adapter for Universal Polarising Filter M.png
B+W 67mm 486 UV/IR Cut MRC Filter,img/B+W 67mm 486 UV-IR Cut MRC Filter.png
Leica UV/IR Filter E46,img/Leica UV-IR Filter E46.png
